Workbook

Sheet DASHBOARD IT
A1: DASHBOARD – CONTROLO DE ACTIVIDADES DO DEPARTAMENTO DE TI
A3: Resumo por Técnico
A4: Técnico | B4: Total Assistências | C4: Concluídas | D4: Pendentes | E4: Urgências | F4: Tempo Total (min) | G4: Tempo Médio (min) | H4: Projectos/Tarefas
A5: Zimila | B5: =COUNTIF('ASSISTÊNCIA DIÁRIA'!$C$2:$C$1001,A5) | C5: =COUNTIFS('ASSISTÊNCIA DIÁRIA'!$C$2:$C$1001,A5,'ASSISTÊNCIA DIÁRIA'!$M$2:$M$1001,"Concluído") | D5: =COUNTIFS('ASSISTÊNCIA DIÁRIA'!$C$2:$C$1001,A5,'ASSISTÊNCIA DIÁRIA'!$M$2:$M$1001,"Pendente")+COUNTIFS('ASSISTÊNCIA DIÁRIA'!$C$2:$C$1001,A5,'ASSISTÊNCIA DIÁRIA'!$M$2:$M$1001,"Em Progresso") | E5: =COUNTIFS('ASSISTÊNCIA DIÁRIA'!$C$2:$C$1001,A5,'ASSISTÊNCIA DIÁRIA'!$N$2:$N$1001,"Sim") | F5: =SUMIF('ASSISTÊNCIA DIÁRIA'!$C$2:$C$1001,A5,'ASSISTÊNCIA DIÁRIA'!$F$2:$F$1001) | G5: =IFERROR(F5/B5,0) | H5: =COUNTIF('PROJECTOS E TAREFAS'!$C$2:$C$501,A5)
A6: Elton | B6: =COUNTIF('ASSISTÊNCIA DIÁRIA'!$C$2:$C$1001,A6) | C6: =COUNTIFS('ASSISTÊNCIA DIÁRIA'!$C$2:$C$1001,A6,'ASSISTÊNCIA DIÁRIA'!$M$2:$M$1001,"Concluído") | D6: =COUNTIFS('ASSISTÊNCIA DIÁRIA'!$C$2:$C$1001,A6,'ASSISTÊNCIA DIÁRIA'!$M$2:$M$1001,"Pendente")+COUNTIFS('ASSISTÊNCIA DIÁRIA'!$C$2:$C$1001,A6,'ASSISTÊNCIA DIÁRIA'!$M$2:$M$1001,"Em Progresso") | E6: =COUNTIFS('ASSISTÊNCIA DIÁRIA'!$C$2:$C$1001,A6,'ASSISTÊNCIA DIÁRIA'!$N$2:$N$1001,"Sim") | F6: =SUMIF('ASSISTÊNCIA DIÁRIA'!$C$2:$C$1001,A6,'ASSISTÊNCIA DIÁRIA'!$F$2:$F$1001) | G6: =IFERROR(F6/B6,0) | H6: =COUNTIF('PROJECTOS E TAREFAS'!$C$2:$C$501,A6)
A7: Edna | B7: =COUNTIF('ASSISTÊNCIA DIÁRIA'!$C$2:$C$1001,A7) | C7: =COUNTIFS('ASSISTÊNCIA DIÁRIA'!$C$2:$C$1001,A7,'ASSISTÊNCIA DIÁRIA'!$M$2:$M$1001,"Concluído") | D7: =COUNTIFS('ASSISTÊNCIA DIÁRIA'!$C$2:$C$1001,A7,'ASSISTÊNCIA DIÁRIA'!$M$2:$M$1001,"Pendente")+COUNTIFS('ASSISTÊNCIA DIÁRIA'!$C$2:$C$1001,A7,'ASSISTÊNCIA DIÁRIA'!$M$2:$M$1001,"Em Progresso") | E7: =COUNTIFS('ASSISTÊNCIA DIÁRIA'!$C$2:$C$1001,A7,'ASSISTÊNCIA DIÁRIA'!$N$2:$N$1001,"Sim") | F7: =SUMIF('ASSISTÊNCIA DIÁRIA'!$C$2:$C$1001,A7,'ASSISTÊNCIA DIÁRIA'!$F$2:$F$1001) | G7: =IFERROR(F7/B7,0) | H7: =COUNTIF('PROJECTOS E TAREFAS'!$C$2:$C$501,A7)
A10: Indicadores Gerais
A11: Total de Assistências | B11: =COUNTIF('ASSISTÊNCIA DIÁRIA'!$B$2:$B$1001,"<>")
A12: Total de Urgências | B12: =COUNTIF('ASSISTÊNCIA DIÁRIA'!$N$2:$N$1001,"Sim")
A13: Tempo Total de Assistência (min) | B13: =SUM('ASSISTÊNCIA DIÁRIA'!$F$2:$F$1001)
A14: Tempo Médio por Assistência (min) | B14: =IF(B11=0,0,B13/B11)
A15: Projectos/Tarefas Registados | B15: =COUNTA('PROJECTOS E TAREFAS'!$B$2:$B$501)
A16: Tarefas Concluídas | B16: =COUNTIF('PROJECTOS E TAREFAS'!$N$2:$N$501,"Concluído")
D20: Controlo de Aquisições
D21: Total de Aquisições | E21: =COUNTIF('AQUISIÇÕES'!$B$2:$B$501,"<>")
D22: Aquisições Pendentes | E22: =COUNTIF('AQUISIÇÕES'!$L$2:$L$501,"Pendente")
D23: Aquisições Aprovadas | E23: =COUNTIF('AQUISIÇÕES'!$L$2:$L$501,"Aprovada")
D24: Aquisições Concluídas | E24: =COUNTIF('AQUISIÇÕES'!$L$2:$L$501,"Concluída")
D25: Documentação Completa | E25: =COUNTIF('AQUISIÇÕES'!$T$2:$T$501,"Completa")
D26: Documentação Pendente | E26: =COUNTIF('AQUISIÇÕES'!$T$2:$T$501,"Pendente")

Sheet ASSISTÊNCIA DIÁRIA
A1: Nº | B1: Data | C1: Técnico | D1: Hora Início | E1: Hora Fim | F1: Duração (min) | G1: Departamento | H1: Província | I1: Colaborador Assistido | J1: Tipo de Solicitação | K1: Problema / Solicitação Reportada | L1: Resolução / Acção Realizada | M1: Estado | N1: Urgência / Interrupção | O1: Descrição da Urgência | P1: Nº de Chamadas | Q1: Meio da Solicitação | R1: Observações
A2: 1 | B2: 16/09/2026 | C2: Edna | D2: 0.35416667 | E2: 0.59861111 | F2: =IF(OR(D2="",E2=""),"",ROUND(MOD(E2-D2,1)*1440,0)) | G2: Comercial | H2: Nampula | I2: Faizal | J2: Impressão / Scanner | K2: Nao consegue scanear documentos | L2: Accesso remoto ao laptop, instalacao de HP smart e actualizacoes de drives. | M2: Concluído | N2: Sim | O2: Deslocar a recepcao para substituir a colega no seu horario de almoco | P2: 4 | Q2: Telefone | R2: Levei mais tempo porque tive que substituir a colega Ancha na Recepcao.
A3: =IF(B3="","",ROW()-1) | B3: 16/09/2026 | C3: Edna | D3: 0.62569444 | E3: 0.63541667 | F3: =IF(OR(D3="",E3=""),"",ROUND(MOD(E3-D3,1)*1440,0)) | G3: Administracao | H3: Maputo Cidade | I3: Nunos | J3: Impressão / Scanner | K3: Imprimir BI | L3: impressao directa usando meu laptop | M3: Concluído | N3: Não | P3: 1 | Q3: WhatsApp | R3: BI pessoal dele enviado por whatsapp para impressao.
A4: =IF(B4="","",ROW()-1) | F4: =IF(OR(D4="",E4=""),"",ROUND(MOD(E4-D4,1)*1440,0))
A5: =IF(B5="","",ROW()-1) | F5: =IF(OR(D5="",E5=""),"",ROUND(MOD(E5-D5,1)*1440,0))
A6: =IF(B6="","",ROW()-1) | F6: =IF(OR(D6="",E6=""),"",ROUND(MOD(E6-D6,1)*1440,0))
A7: =IF(B7="","",ROW()-1) | F7: =IF(OR(D7="",E7=""),"",ROUND(MOD(E7-D7,1)*1440,0))
A8: =IF(B8="","",ROW()-1) | F8: =IF(OR(D8="",E8=""),"",ROUND(MOD(E8-D8,1)*1440,0))
A9: =IF(B9="","",ROW()-1) | F9: =IF(OR(D9="",E9=""),"",ROUND(MOD(E9-D9,1)*1440,0))
A10: =IF(B10="","",ROW()-1) | F10: =IF(OR(D10="",E10=""),"",ROUND(MOD(E10-D10,1)*1440,0))
A11: =IF(B11="","",ROW()-1) | F11: =IF(OR(D11="",E11=""),"",ROUND(MOD(E11-D11,1)*1440,0))
A12: =IF(B12="","",ROW()-1) | F12: =IF(OR(D12="",E12=""),"",ROUND(MOD(E12-D12,1)*1440,0))
A13: =IF(B13="","",ROW()-1) | F13: =IF(OR(D13="",E13=""),"",ROUND(MOD(E13-D13,1)*1440,0))
A14: =IF(B14="","",ROW()-1) | F14: =IF(OR(D14="",E14=""),"",ROUND(MOD(E14-D14,1)*1440,0))
A15: =IF(B15="","",ROW()-1) | F15: =IF(OR(D15="",E15=""),"",ROUND(MOD(E15-D15,1)*1440,0))
... A1001: =IF(B1001="","",ROW()-1) | F1001: =IF(OR(D1001="",E1001=""),"",ROUND(MOD(E1001-D1001,1)*1440,0))

Sheet PROJECTOS E TAREFAS
A1: Nº | B1: Data | C1: Responsável | D1: Projecto / Sistema | E1: Tarefa Atribuída | F1: Data de Atribuição | G1: Prazo | H1: Fase Actual | I1: % Conclusão | J1: Alterações Solicitadas | K1: Data da Alteração | L1: Descrição da Alteração | M1: Acção Realizada | N1: Estado | O1: Observações
A2: =IF(B2="","",ROW()-1)
A3: =IF(B3="","",ROW()-1)
A4: =IF(B4="","",ROW()-1)
A5: =IF(B5="","",ROW()-1)
A6: =IF(B6="","",ROW()-1)
A7: =IF(B7="","",ROW()-1)
A8: =IF(B8="","",ROW()-1)
A9: =IF(B9="","",ROW()-1)
A10: =IF(B10="","",ROW()-1)
A11: =IF(B11="","",ROW()-1)
A12: =IF(B12="","",ROW()-1)
A13: =IF(B13="","",ROW()-1)
... A501: =IF(B501="","",ROW()-1)

Sheet LISTAS
A1: Técnicos | B1: Tipos de Solicitação | C1: Estado | D1: Urgência | E1: Meio | F1: Fase | G1: Províncias | H1: Estado Aquisição
A2: Zimila | B2: Assistência ao Utilizador | C2: Pendente | D2: Não | E2: Telefone | F2: Análise | G2: Maputo Cidade | H2: Pendente
A3: Elton | B3: Problema de Hardware | C3: Em Progresso | D3: Sim | E3: WhatsApp | F3: Desenvolvimento | G3: Maputo Província | H3: Em Aprovação
A4: Edna | B4: Problema de Software | C4: Concluído | E4: E-mail | F4: Testes | G4: Gaza | H4: Aprovada
B5: Rede / Internet | C5: Cancelado | E5: Presencial | F5: Correcções | G5: Inhambane | H5: Comprada
B6: Sistema KIT | E6: Sistema/Online | F6: Validação do Utilizador | G6: Sofala | H6: Concluída
B7: Sistema de Gestão de Processos | E7: Outro | F7: Implementação | G7: Manica | H7: Cancelada
B8: CRM / Cotações | F8: Concluído | G8: Tete
B9: POS | G9: Zambézia
B10: Impressão / Scanner | G10: Nampula
B11: Acessos / Permissões | G11: Cabo Delgado
B12: E-mail | G12: Niassa
B13: Formação
B14: Desenvolvimento
B15: Manutenção
B16: Outra
B17: Aquisição

Sheet INSTRUÇÕES
A1: MATRIZ DE CONTROLO DIÁRIO – DEPARTAMENTO DE TI
A2: Como preencher
A3: Na folha ASSISTÊNCIA DIÁRIA, cada assistência deve ocupar uma linha.
A4: Nas colunas com listas, clique na seta ▼ que aparece na célula e seleccione a opção.
A5: A Duração (min) é calculada automaticamente a partir da Hora Início e Hora Fim.
A6: Se houver uma chamada/interrupção urgente, seleccione “Sim” e descreva o motivo e o impacto.
A7: Na folha PROJECTOS E TAREFAS, registe data de atribuição, prazo, fase, percentagem de conclusão e alterações solicitadas.
A8: O DASHBOARD IT calcula automaticamente os principais indicadores por técnico.
A10: AQUISIÇÕES E DOCUMENTAÇÃO
A11: Quando o tipo de solicitação for “Aquisição”, registe a aquisição na folha AQUISIÇÕES.
A12: Registe a data em que a cotação foi obtida, a data do comprovativo de pagamento e a data do recibo.
A13: Nas colunas Cotação / Link, Comprovativo / Link e Recibo / Link, coloque o link ou referência do documento.
... A15: O Dashboard IT apresenta os principais indicadores das aquisições.

Sheet AQUISIÇÕES
A1: Nº | B1: Data da Solicitação | C1: Responsável | D1: Departamento | E1: Província | F1: Item / Serviço Solicitado | G1: Descrição | H1: Fornecedor | I1: Data da Cotação | J1: Nº de Cotações | K1: Valor da Aquisição (MZN) | L1: Estado da Aquisição | M1: Data da Aprovação | N1: Data da Compra | O1: Data do Comprovativo | P1: Data do Recibo | Q1: Cotação / Link | R1: Comprovativo / Link | S1: Recibo / Link | T1: Documentação | U1: Observações
A2: =IF(B2="","",ROW()-1) | T2: =IF(B2="","",IF(AND(I2<>"",O2<>"",P2<>"",Q2<>"",R2<>"",S2<>""),"Completa","Pendente"))
A3: =IF(B3="","",ROW()-1) | T3: =IF(B3="","",IF(AND(I3<>"",O3<>"",P3<>"",Q3<>"",R3<>"",S3<>""),"Completa","Pendente"))
A4: =IF(B4="","",ROW()-1) | T4: =IF(B4="","",IF(AND(I4<>"",O4<>"",P4<>"",Q4<>"",R4<>"",S4<>""),"Completa","Pendente"))
A5: =IF(B5="","",ROW()-1) | T5: =IF(B5="","",IF(AND(I5<>"",O5<>"",P5<>"",Q5<>"",R5<>"",S5<>""),"Completa","Pendente"))
A6: =IF(B6="","",ROW()-1) | T6: =IF(B6="","",IF(AND(I6<>"",O6<>"",P6<>"",Q6<>"",R6<>"",S6<>""),"Completa","Pendente"))
A7: =IF(B7="","",ROW()-1) | T7: =IF(B7="","",IF(AND(I7<>"",O7<>"",P7<>"",Q7<>"",R7<>"",S7<>""),"Completa","Pendente"))
A8: =IF(B8="","",ROW()-1) | T8: =IF(B8="","",IF(AND(I8<>"",O8<>"",P8<>"",Q8<>"",R8<>"",S8<>""),"Completa","Pendente"))
A9: =IF(B9="","",ROW()-1) | T9: =IF(B9="","",IF(AND(I9<>"",O9<>"",P9<>"",Q9<>"",R9<>"",S9<>""),"Completa","Pendente"))
A10: =IF(B10="","",ROW()-1) | T10: =IF(B10="","",IF(AND(I10<>"",O10<>"",P10<>"",Q10<>"",R10<>"",S10<>""),"Completa","Pendente"))
A11: =IF(B11="","",ROW()-1) | T11: =IF(B11="","",IF(AND(I11<>"",O11<>"",P11<>"",Q11<>"",R11<>"",S11<>""),"Completa","Pendente"))
A12: =IF(B12="","",ROW()-1) | T12: =IF(B12="","",IF(AND(I12<>"",O12<>"",P12<>"",Q12<>"",R12<>"",S12<>""),"Completa","Pendente"))
A13: =IF(B13="","",ROW()-1) | T13: =IF(B13="","",IF(AND(I13<>"",O13<>"",P13<>"",Q13<>"",R13<>"",S13<>""),"Completa","Pendente"))
... A501: =IF(B501="","",ROW()-1) | T501: =IF(B501="","",IF(AND(I501<>"",O501<>"",P501<>"",Q501<>"",R501<>"",S501<>""),"Completa","Pendente"))
